customer_id,full_name,city,registration_date
1,Allison Hill,Berlin,2024-06-28
2,Brian Yang,London,2025-11-11
3,Javier Johnson,Madrid,2024-06-21
4,Lance Hoffman,Amsterdam,2026-04-22
5,Jennifer Cole,Amsterdam,2024-09-22
6,Abigail Shaffer,Paris,2025-05-04
7,Christopher Bernard,Berlin,2024-12-21
8,James Howard,Berlin,2025-01-02
9,Renee Blair,Vienna,2025-10-28
10,Thomas Miller,London,2024-10-15
11,Lisa Hensley,London,2025-12-30
12,Benjamin Stanley,Berlin,2024-10-09
13,Dr. Sharon James,Amsterdam,2025-06-21
14,Holly Wood,Amsterdam,2024-06-07
15,Mia Sutton,London,2023-11-05
16,Carolyn Daniel,Amsterdam,2024-03-27
17,Devin Schaefer,Vienna,2025-11-29
18,Frederick Tate,Amsterdam,2023-10-12
19,Andrew Stewart,Prague,2024-09-05
20,Thomas Bradley,Madrid,2024-11-17
21,Jonathan Wilkerson,London,2026-04-11
22,Derek Wright,Paris,2025-12-06
23,Nicole Patterson,Vienna,2026-01-09
24,Daniel Bright,Rome,2025-09-16
25,Peter Callahan Jr.,Madrid,2024-03-22
26,Jennifer Brown,Paris,2025-03-01
27,Julie King,Amsterdam,2025-11-23
28,Alexandra Le,Rome,2026-06-11
29,Nicole Mack,Berlin,2024-12-27
30,Jeffrey Chavez,Berlin,2024-08-30
31,Pamela Romero,Vienna,2023-12-30
32,Elizabeth Fowler,Berlin,2026-02-18
33,James Martin,Rome,2025-10-18
34,Linda Burns,Rome,2024-01-07
35,Sherry Decker,Madrid,2024-11-06
36,David Bradley,London,2023-11-17
37,John Jones,Prague,2025-10-22
38,Betty Alvarez,Berlin,2025-11-18
39,Joseph Obrien,Vienna,2024-06-11
40,Nicole Vaughn,Berlin,2024-11-13
41,Michael Brooks,Madrid,2025-09-29
42,David Brown,Rome,2023-08-19
43,Crystal Robinson,Amsterdam,2023-11-05
44,Amy Jones,Berlin,2023-09-04
45,Andrea Young,London,2026-05-22
46,Mr. Nathaniel Khan,Amsterdam,2025-12-29
47,Richard Aguirre,Madrid,2024-05-08
48,Matthew Gomez,Berlin,2025-04-16
49,Nicholas Nunez,Amsterdam,2026-04-16
50,James Morgan,Berlin,2024-01-03
51,Connor West,Vienna,2025-05-03
52,Joel Baxter,Madrid,2023-11-12
53,Scott Pierce,Prague,2023-10-04
54,Kimberly Smith,Rome,2023-12-09
55,Sarah Martin,Paris,2025-08-10
56,Dr. Steven Martin,Rome,2023-07-21
57,Mrs. Rachel Gibson,Rome,2025-05-05
58,Monica Logan,Amsterdam,2026-05-11
59,Brittney Phillips,Madrid,2023-10-16
60,Kimberly Adkins,Berlin,2023-10-14
61,John Calhoun,Paris,2025-10-20
62,Tyler Miller,Amsterdam,2024-05-01
63,Barry Hensley,Paris,2025-04-05
64,Steve Sanchez,Prague,2026-01-26
65,Bradley Sandoval,Vienna,2025-12-12
66,Taylor Harris,Madrid,2024-11-17
67,James Powers,Amsterdam,2024-10-26
68,Timothy Walls,Rome,2023-08-01
69,Zachary Ferrell,London,2023-11-08
70,Katie Anderson,Amsterdam,2025-01-10
71,Sherry Wood,London,2024-03-19
72,Joshua Turner,Rome,2026-04-28
73,Mary Spencer,Vienna,2026-05-13
74,Shawn Baker,Madrid,2023-12-31
75,Brittney Campbell,Berlin,2024-06-09
76,Christina Walters,Amsterdam,2024-08-31
77,Danielle Odonnell,Rome,2023-10-04
78,Jeff Hill,Amsterdam,2023-07-23
79,Carlos Whitney,Prague,2024-03-25
80,Kristen Patterson,Vienna,2023-08-02
81,Tony Vazquez,Prague,2024-03-05
82,Sandra Aguilar,Paris,2024-03-04
83,Andrew Diaz,Madrid,2023-09-17
84,Christine Wright,Paris,2023-12-24
85,Justin Baxter,Amsterdam,2026-03-08
86,Tammy Young,Madrid,2024-03-26
87,Rita Keith,Vienna,2023-08-25
88,Tim Patton,Vienna,2025-04-17
89,Sharon Cochran,Rome,2024-09-04
90,Michael Reyes,Amsterdam,2023-09-16
91,Courtney Velasquez,Paris,2025-07-02
92,Robert Savage,Prague,2024-06-28
93,Corey Murphy,Berlin,2023-11-02
94,Diana May,London,2025-03-29
95,Sarah Rivera,Berlin,2023-08-29
96,Wesley White,Paris,2024-09-02
97,Kyle Reed,Paris,2024-11-16
98,William Wilson,Vienna,2025-12-29
99,Andrew Graham,Berlin,2025-10-02
100,Kimberly Ball,Vienna,2026-05-24
